,Link,Title,Description
0,https://www.google.com/search?q=internshala&sca_esv=586961924&source=hp&ei=wtppZYjQF4-T0PEP_c6agAI&iflsig=AO6bgOgAAAAAZWno0lHPEutyLobhCeTW5vVbh1Axt1K1#,Turn off continuous scrolling,
1,https://www.google.com/search?q=internshala&sca_esv=586961924&source=hp&ei=wtppZYjQF4-T0PEP_c6agAI&iflsig=AO6bgOgAAAAAZWno0lHPEutyLobhCeTW5vVbh1Axt1K1#,,
2,https://support.google.com/websearch/answer/181196?hl=en-IN,Accessibility help,"After you search, the results page is organized so that you can easily navigate it with assistive technology, like screen readers and keyboards. Use accessibility links on results pages On a comput"
3,https://www.google.com/webhp?hl=en&sa=X&ved=0ahUKEwi-zZWzp-6CAxXKxjgGHXJQAnAQPAgJ,,
4,https://www.google.com/search?q=internshala&sca_esv=586961924&source=hp&ei=wtppZYjQF4-T0PEP_c6agAI&iflsig=AO6bgOgAAAAAZWno0lHPEutyLobhCeTW5vVbh1Axt1K1#,,
5,https://www.google.co.in/intl/en/about/products?tab=wh,,"Browse a list of Google products designed to help you work and play, stay organized, get answers, keep in touch, grow your business, and more."
6,https://accounts.google.com/ServiceLogin?hl=en&passive=true&continue=https://www.google.com/search%3Fq%3Dinternshala%26sca_esv%3D586961924%26source%3Dhp%26ei%3DwtppZYjQF4-T0PEP_c6agAI%26iflsig%3DAO6bgOgAAAAAZWno0lHPEutyLobhCeTW5vVbh1Axt1K1&ec=GAZAAQ,Sign in,
7,https://www.google.com/search?sca_esv=586961924&q=Internshala+Login&uds=H4sIAAAAAAAA_-PS5GL1yU_PzBPizswrSS3KK85IzEk0YCoS9ERwFcAqjJBVAAA4MhKWOAAAAA&sa=X&ved=2ahUKEwi-zZWzp-6CAxXKxjgGHXJQAnAQxKsJegQIFRAB&ictx=0,Login,
8,https://www.google.com/search?sca_esv=586961924&q=Internshala+Internship&uds=H4sIAAAAAAAA_-My5uLyzCtJLcorzsgsEOLOhLITcxINmIrEPBFcBYQyI2RlADsWl75CAAAA&sa=X&ved=2ahUKEwi-zZWzp-6CAxXKxjgGHXJQAnAQxKsJegQIFhAB&ictx=0,Internship,
9,https://www.google.com/search?sca_esv=586961924&q=Internshala+work+from+Home&uds=H4sIAAAAAAAA_-Oy5uILzy_KVkgrys9V8MjPTRXizswrSS3KK85IzEk0YCqS8kRwFcpRlBohKwUAA6FjUUoAAAA&sa=X&ved=2ahUKEwi-zZWzp-6CAxXKxjgGHXJQAnAQxKsJegQIFBAB&ictx=0,Work from Home,
10,https://www.google.com/search?sca_esv=586961924&q=Internshala+Jobs&uds=H4sIAAAAAAAA_-NS52Lxyk8qFuLOzCtJLcorzkjMSTRgKhLwRHAVQAqMkBUAAEdt-hU2AAAA&sa=X&ved=2ahUKEwi-zZWzp-6CAxXKxjgGHXJQAnAQxKsJegQIExAB&ictx=0,Jobs,
11,https://www.google.com/search?sca_esv=586961924&q=Internshala+reviews&uds=H4sIAAAAAAAA_-PS5WIPSi3LTC0vFuLOzCtJLcorzkjMSTRgLBL2RHAViiBqjJDVAAAUqvvgPAAAAA&sa=X&ved=2ahUKEwi-zZWzp-6CAxXKxjgGHXJQAnAQxKsJegQIYBAB&ictx=0,Reviews,
12,https://www.google.com/search?sca_esv=586961924&q=internshala&tbm=isch&source=lnms&sa=X&ved=2ahUKEwi-zZWzp-6CAxXKxjgGHXJQAnAQ0pQJegQIXRAB,Images,
13,https://www.google.com/search?sca_esv=586961924&q=Internshala+employer+login&uds=H4sIAAAAAAAA_-Oy5uJzzS3Iya9MLVLIyU_PzBPizswrSS3KK85IzEk0YCqS8kRwFVJRlBohKwUAa9JiM0oAAAA&sa=X&ved=2ahUKEwi-zZWzp-6CAxXKxjgGHXJQAnAQxKsJegQIYRAB&ictx=0,Employer login,
14,https://www.google.com/search?sca_esv=586961924&q=Internshala+Student+dashboard&uds=H4sIAAAAAAAA_-Ny5BIMLilNSc0rUUhJLM5Iyk8sShHizswrSS3KK85IzEk0YCqS9URwFTBUGyGrBgBVE9DNUAAAAA&sa=X&ved=2ahUKEwi-zZWzp-6CAxXKxjgGHXJQAnAQxKsJegQIXxAB&ictx=0,Student dashboard,
15,https://www.google.com/search?sca_esv=586961924&q=Sites+like+Internshala&uds=H4sIAAAAAAAA_-My5GINzixJLRbizswrSS3KK85IzEk0YCwSA4sq5GRmpyp4ImR2MDIaIasEANMoFkVAAAAA&sa=X&ved=2ahUKEwi-zZWzp-6CAxXKxjgGHXJQAnAQxKsJegQIXhAB&ictx=0,Sites,
16,https://www.google.com/search?q=internshala&sca_esv=586961924&tbm=isch&source=lnms&sa=X&ved=2ahUKEwi-zZWzp-6CAxXKxjgGHXJQAnAQ0pQJKAB6BAgPEAM,,
17,https://maps.google.com/maps?q=internshala&sca_esv=586961924&iflsig=AO6bgOgAAAAAZWno0lHPEutyLobhCeTW5vVbh1Axt1K1&um=1&ie=UTF-8&sa=X&ved=2ahUKEwi-zZWzp-6CAxXKxjgGHXJQAnAQ0pQJKAF6BAgPEAQ,,
18,https://www.google.com/search?q=internshala&sca_esv=586961924&tbm=shop&source=lnms&sa=X&ved=2ahUKEwi-zZWzp-6CAxXKxjgGHXJQAnAQ0pQJKAJ6BAgPEAU,,
19,https://www.google.com/search?q=internshala&sca_esv=586961924&tbm=vid&source=lnms&sa=X&ved=2ahUKEwi-zZWzp-6CAxXKxjgGHXJQAnAQ0pQJKAN6BAgPEAY,,
20,https://www.google.com/search?q=internshala&sca_esv=586961924&tbm=nws&source=lnms&sa=X&ved=2ahUKEwi-zZWzp-6CAxXKxjgGHXJQAnAQ0pQJKAR6BAgPEAc,,
21,https://www.google.com/search?q=internshala&sca_esv=586961924&tbm=bks&source=lnms&sa=X&ved=2ahUKEwi-zZWzp-6CAxXKxjgGHXJQAnAQ0pQJKAV6BAgPEAg,,
22,https://www.google.com/travel/flights?q=internshala&sca_esv=586961924&tbm=flm&source=lnms&sa=X&ved=2ahUKEwi-zZWzp-6CAxXKxjgGHXJQAnAQ0pQJKAZ6BAgPEAk,,Use Google Flights to explore cheap flights to anywhere. Search destinations and track prices to find and book your next flight.
23,https://www.google.com/finance?sa=X&ved=2ahUKEwi-zZWzp-6CAxXKxjgGHXJQAnAQ0pQJKAd6BAgPEAo,,"Google Finance provides real-time market quotes, international exchanges, up-to-date financial news, and analytics to help you make more informed trading and investment decisions."
24,https://www.google.com/setprefs?sig=0_XYas8cm2QiY25AxJKW8T2fEs7s0%3D&prev=https://www.google.com/search?q%3Dinternshala%26sca_esv%3D586961924%26source%3Dhp%26ei%3DwtppZYjQF4-T0PEP_c6agAI%26iflsig%3DAO6bgOgAAAAAZWno0lHPEutyLobhCeTW5vVbh1Axt1K1&safeui=on,,
25,https://www.google.com/search?q=internshala&sca_esv=586961924&source=hp&ei=wtppZYjQF4-T0PEP_c6agAI&iflsig=AO6bgOgAAAAAZWno0lHPEutyLobhCeTW5vVbh1Axt1K1#,,
26,https://www.google.com/setprefs?sig=0_XYas8cm2QiY25AxJKW8T2fEs7s0%3D&prev=https://www.google.com/search?q%3Dinternshala%26sca_esv%3D586961924%26source%3Dhp%26ei%3DwtppZYjQF4-T0PEP_c6agAI%26iflsig%3DAO6bgOgAAAAAZWno0lHPEutyLobhCeTW5vVbh1Axt1K1&safeui=off,,
27,https://www.google.com/safesearch?hl=en-IN&prev=https://www.google.com/search?q%3Dinternshala%26sca_esv%3D586961924%26source%3Dhp%26ei%3DwtppZYjQF4-T0PEP_c6agAI%26iflsig%3DAO6bgOgAAAAAZWno0lHPEutyLobhCeTW5vVbh1Axt1K1&sa=X&ved=2ahUKEwi-zZWzp-6CAxXKxjgGHXJQAnAQ3fwIegQIDxAU,,
28,https://www.google.com/search?q=internshala&sca_esv=586961924&source=lnt&tbs=qdr:h&sa=X&ved=2ahUKEwi-zZWzp-6CAxXKxjgGHXJQAnAQpwV6BAgBEAc,,
29,https://www.google.com/search?q=internshala&sca_esv=586961924&source=lnt&tbs=qdr:d&sa=X&ved=2ahUKEwi-zZWzp-6CAxXKxjgGHXJQAnAQpwV6BAgBEAg,,
30,https://www.google.com/search?q=internshala&sca_esv=586961924&source=lnt&tbs=qdr:w&sa=X&ved=2ahUKEwi-zZWzp-6CAxXKxjgGHXJQAnAQpwV6BAgBEAk,,
31,https://www.google.com/search?q=internshala&sca_esv=586961924&source=lnt&tbs=qdr:m&sa=X&ved=2ahUKEwi-zZWzp-6CAxXKxjgGHXJQAnAQpwV6BAgBEAo,,
32,https://www.google.com/search?q=internshala&sca_esv=586961924&source=lnt&tbs=qdr:y&sa=X&ved=2ahUKEwi-zZWzp-6CAxXKxjgGHXJQAnAQpwV6BAgBEAs,,
33,https://www.google.com/search?q=internshala&sca_esv=586961924&source=lnt&tbs=li:1&sa=X&ved=2ahUKEwi-zZWzp-6CAxXKxjgGHXJQAnAQpwV6BAgBEBI,,
34,https://www.google.com/history/optout?hl=en,,
35,https://www.google.com/safesearch?prev=https://www.google.com/search?q%3Dinternshala%26sca_esv%3D586961924%26source%3Dhp%26ei%3DwtppZYjQF4-T0PEP_c6agAI%26iflsig%3DAO6bgOgAAAAAZWno0lHPEutyLobhCeTW5vVbh1Axt1K1&sa=X&ved=2ahUKEwi-zZWzp-6CAxXKxjgGHXJQAnAQ8JsIegQIBBAH,,
36,https://www.google.com/preferences?lang=1&hl=en&prev=https://www.google.com/search?q%3Dinternshala%26sca_esv%3D586961924#languages,,
37,https://www.google.com/setprefs?hl=en&prev=https://www.google.com/search?q%3Dinternshala%26sca_esv%3D586961924%26source%3Dhp%26ei%3DwtppZYjQF4-T0PEP_c6agAI%26iflsig%3DAO6bgOgAAAAAZWno0lHPEutyLobhCeTW5vVbh1Axt1K1%26pccc%3D1&sig=0_XYas8cm2QiY25AxJKW8T2fEs7s0%3D&cs=1&sa=X&ved=2ahUKEwi-zZWzp-6CAxXKxjgGHXJQAnAQqsEHegQIBBAJ&ictx=1,,
38,https://www.google.com/preferences?hl=en&prev=https://www.google.com/search?q%3Dinternshala%26sca_esv%3D586961924,,
39,https://www.google.com/advanced_search?q=internshala&sca_esv=586961924&hl=en,,
40,https://support.google.com/websearch/?p=dsrp_search_hc&hl=en-IN,,Official Google Search Help Center where you can find tips and tutorials on using Google Search and other answers to frequently asked questions.
41,https://policies.google.com/privacy?hl=en-IN&fg=1,,
42,https://policies.google.com/terms?hl=en-IN&fg=1,,
43,https://trainings.internshala.com/,"Internshala Online Courses - Limited Time Offer - Enrol Now
Internshala
https://trainings.internshala.com › courses","Best online courses with certificates like python, web development, digital marketing & more are available at Internshala Trainings. Start learning online now!"
44,https://trainings.internshala.com/python-course/,Python Course,Python certification course to enhance your programming skills. Learn with the best Python course online with 100% placement assistance!
45,https://trainings.internshala.com/video-editing-course/,Video Editing Course,"Video Editing online course taught by certified experts. Master color, visual effects, & audio in Adobe Premiere Pro. Learn Video Editing online with free placement assistance."
46,https://trainings.internshala.com/graphic-design-course/,Graphic Design Course,Graphics Design course online from Internshala Trainings to help you express your creativity. Enroll and learn graphic design with a government certified training.
47,https://trainings.internshala.com/ui-ux-design-course/,UI UX Training Course,UI UX Design course online for those who wish to become pro UI UX designers. Learn UI UX design in this course & get free placement assistance!
48,https://internshala.com/,"Internshala
Internshala
https://internshala.com","Internshala is India's no.1 internship jobs and training platform with 40000+ paid internships in Engineering, MBA, media, law, arts, and other streams."
49,https://internshala.com/internships/work-from-home-internships/,Work From Home Internships,"01-Dec-2023 Are you looking for online internships or work from home internships in 2023? Find 1,500+ online internships with a stipend. Apply now and earn by working from home."
50,https://internshala.com/internships/,Internship in India,01-Dec-2023 Apply to 6819+ summer internships all over India and abroad with stipends across all streams. Apply and register for free now.
51,https://internshala.com/jobs/work-from-home/,860 Work From Home Jobs,Find 867 work from home(wfh) jobs on Internshala. Explore work from home job vacancies & openings in top companies & get your dream job in your preferred location.
52,https://internshala.com/jobs/,5067 Jobs,Apply to 5067 Jobs in India. Internshala offers the latest job vacancies & opportunities to help you get hired by top companies. Register now for free to get a job.
53,https://www.google.com/search?q=internshala+site:internshala.com&sca_esv=586961924&sa=X&ved=2ahUKEwi-zZWzp-6CAxXKxjgGHXJQAnAQrAN6BAgHEAE,More results from internshala.com »,
54,"https://www.mouthshut.com/websites/Internshala-com-reviews-925769318#:~:text=The%20timely%20support%20from%20the,my%20career%20a%20significant%20push.",,
55,https://www.google.com/search?sca_esv=586961924&q=Is+Internshala+courses+worth+it%3F&sa=X&ved=2ahUKEwi-zZWzp-6CAxXKxjgGHXJQAnAQzmd6BAhBEAY,,
56,"https://internshala.com/careers/trainings_content_development#:~:text=Internshala's%20mission%20is%20to%20equip,is%20central%20to%20this%20mission.",,"Internshala is India's no.1 internship jobs and training platform with 40000+ paid internships in Engineering, MBA, media, law, arts, and other streams."
57,https://www.google.com/search?sca_esv=586961924&q=What+is+the+purpose+of+Internshala%3F&sa=X&ved=2ahUKEwi-zZWzp-6CAxXKxjgGHXJQAnAQzmd6BAhAEAY,,
58,"https://ideausher.com/blog/internshala-case-study/#:~:text=Can%20we%20earn%20money%20through,that%20pays%20you%20a%20stipend.",,"Internshala Case Study Let's find out why Internshala is India's most considerable career, and skill development platform for students."
59,https://www.google.com/search?sca_esv=586961924&q=Can+I+earn+money+on+Internshala%3F&sa=X&ved=2ahUKEwi-zZWzp-6CAxXKxjgGHXJQAnAQzmd6BAg_EAY,,
60,"https://internshala.com/post-job#:~:text=Yes%2C%20you%20can%20post%20jobs,location%20in%20India%20on%20Internshala.",,Post a job online for free at Internshala to hire candidates across 200+ profiles & locations in India. Employers can post job vacancies for free.
61,https://www.google.com/search?sca_esv=586961924&q=Is+Internshala+free+of+cost%3F&sa=X&ved=2ahUKEwi-zZWzp-6CAxXKxjgGHXJQAnAQzmd6BAg-EAY,,
62,https://in.linkedin.com/company/internshala,"Internshala
LinkedIn · Internshala
12.1L+ followers",
63,https://play.google.com/store/apps/details?id=com.internshala.app&hl=en&gl=US,"Internshala Internships & Jobs - Apps on Google Play
Google Play
https://play.google.com › store › apps › details › id=c...","Find 150,000+ internships & jobs in India across various profiles and locations"
64,https://www.instagram.com/internshala/?hl=en,"Internshala (@internshala) • Instagram photos and videos
Instagram · internshala
81.1T+ followers","81K Followers, 5 Following, 1,324 Posts - See what Internshala (@internshala) is sharing on Instagram"
65,https://in.linkedin.com/jobs/internshala-jobs,"49 Internshala jobs in India (8 new)
LinkedIn India
https://in.linkedin.com › jobs › internshala-jobs","Today&rsquo;s top 50 Internshala jobs in India. Leverage your professional network, and get hired. New Internshala jobs added daily."
66,https://en.wikipedia.org/wiki/Internshala,"Internshala
Wikipedia
https://en.wikipedia.org › wiki › Internshala",
67,https://economictimes.indiatimes.com/topic/internshala,"Latest News & Videos, Photos about internshala
The Economic Times
https://economictimes.indiatimes.com › topic › interns...","internshala Latest Breaking News, Pictures, Videos, and Special Reports from The Economic Times. internshala  Blogs, Comments and Archive News on Economictimes.com"
68,https://www.youtube.com/channel/UC97qxGRmPsyfV0Miz7AxU2A,"Internshala
YouTube · Internshala
1L+ followers",Welcome to official YouTube channel of Internshala. We are your hosts - Arun & Ankita - two aam YouTubers with a very special mission - to get you (and every...
69,https://www.google.com/search?sca_esv=586961924&q=Internshala+Login&sa=X&ved=2ahUKEwi-zZWzp-6CAxXKxjgGHXJQAnAQ1QJ6BAhFEAE,internshala login,
70,https://www.google.com/search?sca_esv=586961924&q=Internshala+Internship&sa=X&ved=2ahUKEwi-zZWzp-6CAxXKxjgGHXJQAnAQ1QJ6BAhJEAE,internshala internship,
71,https://www.google.com/search?sca_esv=586961924&q=Internshala+Jobs&sa=X&ved=2ahUKEwi-zZWzp-6CAxXKxjgGHXJQAnAQ1QJ6BAhIEAE,internshala jobs,
72,https://www.google.com/search?sca_esv=586961924&q=Internshala+FREE+internship&sa=X&ved=2ahUKEwi-zZWzp-6CAxXKxjgGHXJQAnAQ1QJ6BAhEEAE,internshala free internship,
73,https://www.google.com/search?sca_esv=586961924&q=Internshala+employer+login&sa=X&ved=2ahUKEwi-zZWzp-6CAxXKxjgGHXJQAnAQ1QJ6BAhHEAE,internshala employer login,
74,https://www.google.com/search?sca_esv=586961924&q=Internshala+work+from+Home&sa=X&ved=2ahUKEwi-zZWzp-6CAxXKxjgGHXJQAnAQ1QJ6BAhGEAE,internshala work from home,
75,https://www.google.com/search?sca_esv=586961924&q=Internshala+training&sa=X&ved=2ahUKEwi-zZWzp-6CAxXKxjgGHXJQAnAQ1QJ6BAhCEAE,internshala training,
76,https://www.google.com/search?sca_esv=586961924&q=Internshala+app&sa=X&ved=2ahUKEwi-zZWzp-6CAxXKxjgGHXJQAnAQ1QJ6BAg8EAE,internshala app,
77,https://www.google.com/search?q=internshala&sca_esv=586961924&source=hp&ei=wtppZYjQF4-T0PEP_c6agAI&iflsig=AO6bgOgAAAAAZWno0lHPEutyLobhCeTW5vVbh1Axt1K1&aomd=1,More results,
78,https://www.google.com/search?q=internshala&sca_esv=586961924&source=hp&ei=wtppZYjQF4-T0PEP_c6agAI&iflsig=AO6bgOgAAAAAZWno0lHPEutyLobhCeTW5vVbh1Axt1K1#,,
79,https://www.google.com/search?q=internshala&sca_esv=586961924&source=hp&ei=wtppZYjQF4-T0PEP_c6agAI&iflsig=AO6bgOgAAAAAZWno0lHPEutyLobhCeTW5vVbh1Axt1K1#,,
80,https://www.google.com/search?q=internshala&sca_esv=586961924&source=hp&ei=wtppZYjQF4-T0PEP_c6agAI&iflsig=AO6bgOgAAAAAZWno0lHPEutyLobhCeTW5vVbh1Axt1K1#,,
81,https://www.google.com/search?q=internshala&sca_esv=586961924&tbm=isch&source=iu&ictx=1&vet=1&fir=j__IR28O0SP4lM%252CZUFJOMOn93sZpM%252C%252Fg%252F11g7zczbkf&usg=AI4_-kTIpjUxi_uWOl5L2PeircLzAisl_w&sa=X&ved=2ahUKEwi-zZWzp-6CAxXKxjgGHXJQAnAQ_B16BAhNEAI#imgrc=j__IR28O0SP4lM,,
82,http://internshala.com/,internshala.com,"Internshala is India's no.1 internship jobs and training platform with 40000+ paid internships in Engineering, MBA, media, law, arts, and other streams."
83,https://en.wikipedia.org/wiki/Internshala,Wikipedia,
84,https://www.google.com/search?sca_esv=586961924&q=internshala+headquarters&stick=H4sIAAAAAAAAAOPgE-LVT9c3NEw3r0quSspO09LKTrbSzy9KT8zLrEosyczPQ-FYZaQmphSWJhaVpBYVL2KVyMwDMvKKMxJzEhWQpQCi4SWaWAAAAA&sa=X&ved=2ahUKEwi-zZWzp-6CAxXKxjgGHXJQAnAQ6BMoAHoECFAQAg,Headquarters,
85,https://www.google.com/search?sca_esv=586961924&q=Gurugram&si=ALGXSlYh1-GEPndq7qMo--O-TPixQtNN4JMroSxgItz5kq0stMn_GGqM5HaSmwUf0neDWjEMAHhpbMmqsDzEpdoJuFEcAWl3NFNc46DSkfS1tAX0tWxaCuHDZktojS5nBA5_-ioUzrsUD-TNzBZqrN3Y65SO6onW5HqDSdYJz31pPRY39Zrp2T93Jlc7rfsWfgtclI_pSyHb&sa=X&ved=2ahUKEwi-zZWzp-6CAxXKxjgGHXJQAnAQmxMoAXoECFAQAw,Gurugram,
86,https://www.google.com/search?sca_esv=586961924&q=internshala+founded&stick=H4sIAAAAAAAAAOPgE-LVT9c3NEw3r0quSspO01LNTrbSzy9KT8zLrEosyczPQ-FYpeWX5qWkpixiFc7MK0ktyivOSMxJVICKAgC4psp3TgAAAA&sa=X&ved=2ahUKEwi-zZWzp-6CAxXKxjgGHXJQAnAQ6BMoAHoECFEQAg,Founded,
87,https://www.google.com/search?sca_esv=586961924&q=internshala+founders&stick=H4sIAAAAAAAAAOPgE-LVT9c3NEw3r0quSspO01LPTrbSTyotzsxLLS6GM-LzC1KLEksy8_Os0vJL81JSixaximTmlaQW5RVnJOYkKkBFiwG--ppaUQAAAA&sa=X&ved=2ahUKEwi-zZWzp-6CAxXKxjgGHXJQAnAQ6BMoAHoECE8QAg,Founders,
88,https://www.google.com/search?sca_esv=586961924&q=Sarvesh+Agrawal&si=ALGXSlYPkF2MKlZLFV56Lmj_Zy6ZT1rGy73vWpQufutnylBobd8Nyw58ekca9FzG4DpxrodtpAhB2v0-th39DViDaAGixhG_DtQYnTnGkM0_lDP3tNrqhVBH2_7CVHhVANST-yW7JIxFicXDVMAUjpMwRaNlvKnzzXFJ3kkXpY8Yl3Agmu9z_ZHIf67J_IF3OcJwJ_9t6S8xO4qlu4y027AAyndzGVkYwoYdHAtivB3KoQITRbQd6OVFr_5EATkyPdJFPvOhgCRH0SEp-NMAFtGpNoKQkbS_hMYjJMOotnnfzNmURhETl0g%3D&sa=X&ved=2ahUKEwi-zZWzp-6CAxXKxjgGHXJQAnAQmxMoAXoECE8QAw,Sarvesh Agrawal,
89,https://www.google.com/search?sca_esv=586961924&q=Ankur+Khator&si=ALGXSlYPkF2MKlZLFV56Lmj_Zy6ZT1rGy73vWpQufutnylBobXP8LdZoAan-qqNxkgUOod75mUHVV8bowOSuAAi6S4ygNH_Bgf119iHQwyAeRdhvwN3qyIT19xHqDwsOU7kw4Gd0vW4bR7mSFlzeqKmnGQs2-3FdiYC5oFuR93T-36EA9IWHYRy0yOyaAzuVXILQrLF9kzSLRKWAOejcL4JWeZfYc9F7k21uBB08QSoUrztDTVCIALX3wsIj6VL3fkn0NPRs54AA1l5DCBlqg9NKQj_qe7w7bA%3D%3D&sa=X&ved=2ahUKEwi-zZWzp-6CAxXKxjgGHXJQAnAQmxMoAnoECE8QBA,Ankur Khator,
90,https://www.google.com/search?sca_esv=586961924&q=internshala+type+of+business&stick=H4sIAAAAAAAAAOPgE-LVT9c3NEw3r0quSspO09LNKLfST87PyUlNLsnMz9PPL0pPzMusSgRxiq1KKgtSFfLTFJJKizPzUouLF7HKZOaVpBblFWck5iQqoEsDAJ4JoQdfAAAA&sa=X&ved=2ahUKEwi-zZWzp-6CAxXKxjgGHXJQAnAQ6BMoAHoECFMQAg,Type of business,
91,https://www.google.com/intl/en_in/googlefinance/disclaimer/?sa=X&ved=2ahUKEwi-zZWzp-6CAxXKxjgGHXJQAnAQ1AF6BAhXEAE,Disclaimer,
92,https://www.instagram.com/internshala/,Instagram,"81K Followers, 5 Following, 1,324 Posts - See what Internshala (@internshala) is sharing on Instagram"
93,https://www.google.com/search?sca_esv=586961924&q=Internshala&stick=H4sIAAAAAAAAAONgFuLVT9c3NEw3r0quSspOU0LlagkGZ6aklidWFvulVpQEl6QWFC9i5fbMK0ktyivOSMxJ3MHKCACUQSHqRAAAAA&sa=X&ved=2ahUKEwi-zZWzp-6CAxXKxjgGHXJQAnAQMSgAegQIVBAB,People also search for,
94,https://www.google.com/search?sca_esv=586961924&q=Internshala&stick=H4sIAAAAAAAAAONgFuLVT9c3NEw3r0quSspOU0LlagkGZ6aklidWFvulVpQEl6QWFC9i5fbMK0ktyivOSMxJ3MHKCACUQSHqRAAAAA&sa=X&ved=2ahUKEwi-zZWzp-6CAxXKxjgGHXJQAnAQzTooAXoECFQQAg,View 5+ more,
95,https://www.google.com/search?sca_esv=586961924&q=LinkedIn&si=ALGXSlYh1-GEPndq7qMo--O-TPixQtNN4JMroSxgItz5kq0stCiB2PKFERDfpOZaqtxfQfxVudSeI9s4f7NENGzolCMlKabiOl5Ls26YKy6JxFYuu6Bwvi102W-PChM4KgHZ8YwfTOM9_32TMUAJ8eAb8sxXy4-YUw0iJ4GN2z9daLTWwRYnk7rVMLuwmbFTJve2nduUVsAxLPB8lBMnO3DovJ-bKMbTv0tM-1zHvNJbOG5JET1IM5NFQ9FyYCahQo500Y0ciy6q-ybY8BBYdsbpGu2qFirwat7uJagPAoLCW2rqHI6WskA%3D&sa=X&ved=2ahUKEwi-zZWzp-6CAxXKxjgGHXJQAnAQxA16BAhUEAU,LinkedIn,
96,https://www.google.com/search?sca_esv=586961924&q=Indeed&si=ALGXSlYh1-GEPndq7qMo--O-TPixQtNN4JMroSxgItz5kq0stOIQ-Gtrd_yDpRRNS7erOj2hpr2fCM7laT8Dt-vANwNB2GDSwjjKe6V2KnzGt-jrqDl4OSF2Z5ToFB8cbEanoxBKsJBjbiYBeelX3qNnF1aNmSQSdDCXdinWfanoc-xYKbczxUiLUNl0dZpKk5PGZ6hy9x7W35hOPMAMIGUpxs-MRMeXNanJsRF_U-7YGdba492HF-b2DJPtMwafF0jbfWzqrH9yKXMXZxTwzpRPgYRvGvRAsCieTkZ7LTmX6DUlixIvG9E%3D&sa=X&ved=2ahUKEwi-zZWzp-6CAxXKxjgGHXJQAnAQxA16BAhUEAc,Indeed,
97,https://www.google.com/search?sca_esv=586961924&q=Coursera&si=ALGXSlYzFQQn5id74gU-GPAR8UsllKNebHx5zj2txQsc1FfqFFUWiPSkFjyKkhcHKvLMtkuc2sKOFp5MYcdDsIXtdObNO4xIffr9ErVDYG8qqOSjsAIRz6j6mwjluGF_MjrohfngydbhRGJPng-IwaiGzBburlNtyi6fTWwj3PAvTBI-Pw_XxV7JsMm4e2gm4H5JdC0fZI8cj8ge1evOiXXOHlVvrjoT9xhaFis7lqqwD5hOjeN8GF1FymmTTMRz3OIu66RS6dh-zPKDOmPwNx6HURm_V_LI2cuFOmqQs-nBvD-DFWuLDbU%3D&sa=X&ved=2ahUKEwi-zZWzp-6CAxXKxjgGHXJQAnAQxA16BAhUEAk,Coursera,
98,https://www.google.com/search?sca_esv=586961924&q=Udemy&si=ALGXSlYzFQQn5id74gU-GPAR8UsllKNebHx5zj2txQsc1FfqFNhXJaEvBEvgXfL0W6U-vb8zVCGzFf7hgUnNdQxOiIS9lHJzO0cLFS6Nu8JavaMK13YNDNvhfYAgFd1B5Iu4rKjS2TfDzz4S_yY6wNujDLSidg97hy4myvc_E_2iI5XI4qWj8LqUR937YBPuXZlerBrNgJDxLG8qOGteGlpPWMWZ6M43qkbZnt_SQ10mGogoCOLERQrTdcq4151Wawp0EXkiKWt9o-YXkINbQV3GurcrD0D1NGw7rpDisv6UvUdPSPRorto%3D&sa=X&ved=2ahUKEwi-zZWzp-6CAxXKxjgGHXJQAnAQxA16BAhUEAs,Udemy,
99,https://www.google.com/search?q=internshala&sca_esv=586961924&source=hp&ei=wtppZYjQF4-T0PEP_c6agAI&iflsig=AO6bgOgAAAAAZWno0lHPEutyLobhCeTW5vVbh1Axt1K1#,,
100,https://posts.google.com/claim/?mid=/g/11g7zczbkf,Claim this knowledge panel,
101,https://www.google.com/search?q=internshala&sca_esv=586961924&source=hp&ei=wtppZYjQF4-T0PEP_c6agAI&iflsig=AO6bgOgAAAAAZWno0lHPEutyLobhCeTW5vVbh1Axt1K1#,,
