,Name,Address,Contact,Max Discount,Link
0,Tamashi Family Saloon And Spa,"No. 83, Near Kotak Mahindra Bank, Arcot Road, AVM Avenue, Virugambakkam, Chennai",+91 6383898627,52,https://www.nearbuy.com/chennai/tamashi-family-saloon-and-spa-virugambakkam?merchantId=350612&amp;contextPayload=%7B%22collectionPermalink%22:%22all-spa-deals%22%7D#deals
1,Studio MW Unisex Salon,"No. 5/790, Near Nolambur Old Police Station, Kavimani Street, Mogappair West, Chennai","+91 9600069630, +91 9500098255",52,https://www.nearbuy.com/chennai/studio-mw-unisex-saloon-mogappair-west?merchantId=266223&amp;contextPayload=%7B%22collectionPermalink%22:%22all-salon-deals%22%7D#deals
2,Lavion Unisex Style & Beauty Salon,"No. A-5, 2nd Main Road, Thiruvalluvar Nagar, Thiruvanmiyur, Chennai","+91 9884065856, +91 44 47438866",50,https://www.nearbuy.com/chennai/style-nation-unisex-beauty-salon-thiruvanmiyur?merchantId=110408&amp;contextPayload=%7B%22collectionPermalink%22:%22all-spa-deals%22%7D#deals
3,Suave Salon & Wellness,"2/796, 1st, Floor, Sakshi Towers, 1st Main Road, Chinna Neelankarai, ECR, Kazura Garden, Chennai","+91 6380527719, +91 7200459485, +91 44 35001437",73,https://www.nearbuy.com/chennai/suave-salon-and-wellness-neelankarai?merchantId=352070&amp;contextPayload=%7B%22collectionPermalink%22:%22all-salon-deals%22%7D#deals
4,Asian Continental Spa,"No. 5, 200 Feet Radial Road, Opp. to Radiance Mandarin, Seevaram, Thuraipakkam, Chennai",+91 7824849555,40,https://www.nearbuy.com/chennai/asian-continental-unisex-saloon-and-spa-thuraipakkam?merchantId=84869&amp;contextPayload=%7B%22collectionPermalink%22:%22all-salon-deals%22%7D#deals
5,7 Star Ladies Salon,"No. 207, Near IIT Campus, Indian Institute of Technology, Chennai",+91 44 22570717,57,https://www.nearbuy.com/chennai/7-star-the-ladies-salon-indian-institute-of-technology?merchantId=86659&amp;contextPayload=%7B%22collectionPermalink%22:%22all-salon-deals%22%7D#deals
6,Aalasya Spa - Crossway Parklane Hotel,"Crossway Parklane Hotel, No. 3, 57, Veteran Lane, Mallika Nagar, Pallavaram, Chennai",+91 9500178166,52,https://www.nearbuy.com/chennai/aalasya-spa-crossway-parklane-hotel-pallavaram?merchantId=292933&amp;contextPayload=%7B%22collectionPermalink%22:%22all-spa-deals%22%7D#deals
7,Green Day Spa & Salon,"No. 52, Satyadev Avenue, Opp. Somerset, Next to Apollo Hospital, MRC Nagar, RA Puram, Chennai",+91 9600004812,79,https://www.nearbuy.com/chennai/green-unisex-salon-and-spa-ra-puram?merchantId=68818&amp;contextPayload=%7B%22collectionPermalink%22:%22all-spa-deals%22%7D#deals
8,Haven Unisex Spa,"3/2, Brahathammal Road, Nungambakkam, Chennai",+91 6205235707,20,https://www.nearbuy.com/chennai/haven-unisex-spa-nungambakkam?merchantId=348287&amp;contextPayload=%7B%22collectionPermalink%22:%22all-spa-deals%22%7D#deals
9,7 Star Men's Salon,"No. 5, Murphy Doss Road, Seethapathy Nagar, Seetapathi Nagar, Chennai","+91 0444 3100074, +91 9841418413",60,https://www.nearbuy.com/chennai/7-star-the-mens-salon-velacheri?merchantId=86658&amp;contextPayload=%7B%22collectionPermalink%22:%22all-salon-deals%22%7D#deals
10,Essensuals by Toni & Guy,"RC Towers, Josier Street, Kodambakkam High Road, Tirumurthy Nagar, Nungambakkam, Chennai",+91 9962522999,55,https://www.nearbuy.com/chennai/essensuals-by-toni-and-guy-nungambakkam-2?merchantId=351403&amp;contextPayload=%7B%22collectionPermalink%22:%22all-salon-deals%22%7D#deals
11,Lee'Amour Family Saloon & Spa,"No. 148/2, Habibullah Road, T Nagar, Chennai",+91 9123570731,75,https://www.nearbuy.com/chennai/leeamour-family-saloon-andspa-t-nagar?merchantId=354592&amp;contextPayload=%7B%22collectionPermalink%22:%22all-spa-deals%22%7D#deals
12,Essensuals," No. 1A/1, 1st Floor, Millennium Towers, Taylors Road, Kilpauk, Chennai","+91 44 43883131, +91 4443887171",43,https://www.nearbuy.com/chennai/essensuals-kilpauk-1?merchantId=293716&amp;contextPayload=%7B%22collectionPermalink%22:%22all-salon-deals%22%7D#deals
13,Essensuals,"1st Main Road, No. 36, 1st Floor, KG Galaxy, 2nd Avenue, Above Fab India, Chintamani, Anna Nagar East, Chennai","+91 44 45525251, +91 44 43595943",43,https://www.nearbuy.com/chennai/essensuals-anna-nagar-east?merchantId=33109&amp;contextPayload=%7B%22collectionPermalink%22:%22all-salon-deals%22%7D#deals
14,naturals,"No. 66/68, Siruvallur High Road, Perambur, Chennai","+91 0444 8655999, +91 4448655999",59,https://www.nearbuy.com/chennai/naturals-perambur-perambur?merchantId=276048&amp;contextPayload=%7B%22collectionPermalink%22:%22all-salon-deals%22%7D#deals
15,7Star Men's Salon,"No. 4 SFC Center, Near Prime Store, Indian Institute of Technology, Chennai",+91 9841418413,60,https://www.nearbuy.com/chennai/7-star-the-family-salon-velacheri-0?merchantId=332680&amp;contextPayload=%7B%22collectionPermalink%22:%22all-salon-deals%22%7D#deals
16,VLCC,"No. 79 , C.P Ramaswamy Road, Alwarpet, Chennai",+91 44 24671918,17,https://www.nearbuy.com/chennai/vlcc-alwarpet?merchantId=113087&amp;contextPayload=%7B%22collectionPermalink%22:%22all-salon-deals%22%7D#deals
17,Bali Foot Spa,"Door No. 100/3, 1st Floor, Plot No. 4080, Block T, Anna Nagar, Chennai","+91 9940207092, +91 8190063647, +91 44 47666688, +91 7092827208",44,https://www.nearbuy.com/chennai/bali-foot-spa-anna-nagar?merchantId=351319&amp;contextPayload=%7B%22collectionPermalink%22:%22all-spa-deals%22%7D#deals
18,Toni & Guy Essensuals ,"421/619, Near Tata Motors, 200 Feet Radial Road, S. Kolathur, Viouthalai Nagar, Kovilambakkam, Chennai",+91 9940220087,50,https://www.nearbuy.com/chennai/toni-and-guy-essensuals-kovilambakkam?merchantId=354336&amp;contextPayload=%7B%22collectionPermalink%22:%22all-salon-deals%22%7D#deals
19,Foot Recharge,"No. 4 & 5, TNHBH Complex, Opp Wow Momo, 4th Main Road, Elliot Beach, Besant Nagar, Chennai","+91 9884932227, +91 8939752227",40,https://www.nearbuy.com/chennai/foot-recharge-besant-nagar?merchantId=354335&amp;contextPayload=%7B%22collectionPermalink%22:%22all-spa-deals%22%7D#deals
20,Bharti J Beauty Salon & Bridal Studio,"No. 17, Ground Floor, Near Muthoot Finance, Kavarai Street, West Saidapet, Chennai",+91 9962878759,50,https://www.nearbuy.com/chennai/bharti-j-beauty-salon-and-bridal-studio-west-saidapet?merchantId=344827&amp;contextPayload=%7B%22collectionPermalink%22:%22all-salon-deals%22%7D#deals
21,Myo Thai Spa,"100 Feet Road, Door No. 30, 2nd Floor, Plot No. 114, Near Anjappar Restaurant, 100 Feet Bypass Road, Kamarajapuram, Velacheriy, Chennai",+91 7998366666,44,https://www.nearbuy.com/chennai/myo-thai-spa-velacheri?merchantId=344252&amp;contextPayload=%7B%22collectionPermalink%22:%22all-spa-deals%22%7D#deals
22,VLCC,"New No. 12, Old No. 89, Plot No. 3792, 4th Main Road, Block Q, Anna Nagar, Chennai","+91 44 43016661, +91 44 43016662",17,https://www.nearbuy.com/chennai/vlcc-anna-nagar?merchantId=113085&amp;contextPayload=%7B%22collectionPermalink%22:%22all-salon-deals%22%7D#deals
23,Bali Foot Spa,"Banumathi Ramakrishnan Street, Arcot Road, Saligramam, Chennai","+91 9344288728, +91 44 48063085, +91 8190063647, +91 9940207092",65,https://www.nearbuy.com/chennai/bali-foot-spa-saligramam?merchantId=329706&amp;contextPayload=%7B%22collectionPermalink%22:%22all-spa-deals%22%7D#deals
24,Lee'Amour Family Saloon & Spa,"No. 148/2, Habibullah Road, T Nagar, Chennai",+91 9123570731,75,https://www.nearbuy.com/chennai/leeamour-family-saloon-andspa-t-nagar?merchantId=354592&amp;contextPayload=%7B%22collectionPermalink%22:%22all-salon-deals%22%7D#deals
25,Toni&Guy,"Trunk Road, No. 5/12, 1st Floor, Perumal Koil Street, Porur, Iyappanthangal, Chennai","+91 44 48648111, +91 44 48649111",39,https://www.nearbuy.com/chennai/toni-and-guy-iyappanthangal?merchantId=320637&amp;contextPayload=%7B%22collectionPermalink%22:%22all-salon-deals%22%7D#deals
26,Enhance Studio Unisex Salon & Spa,"No. 45/115, 1 A E Block, Nelson Manickam Road, Nelson Chamber, Aminijikarai, Chennai","+91 9884946996, +91 44 42648944",90,https://www.nearbuy.com/chennai/green-trends-aminijikarai?merchantId=55481&amp;contextPayload=%7B%22collectionPermalink%22:%22all-salon-deals%22%7D#deals
28,7 Star Family Beauty Salon,"No. 13, Near 3rd Street, Venus Colony, Anna Nagar Extension, Chennai","+91 0444 8576158, +91 9841418413",60,https://www.nearbuy.com/chennai/7-star-the-family-beauty-saloon-anna-nagar?merchantId=86657&amp;contextPayload=%7B%22collectionPermalink%22:%22all-salon-deals%22%7D#deals
29,Toni&Guy,"Arcot Road, No. 324, Kamarajar Salai, Alwartirunagar, Palaniappa Nagar, Valasaravakkam, Chennai","+91 4445532030, +91 4445542030",39,https://www.nearbuy.com/chennai/toniandguy-valasaravakkam?merchantId=334205&amp;contextPayload=%7B%22collectionPermalink%22:%22all-salon-deals%22%7D#deals
30,VLCC,"Tharamani Link Road, No. 9 & 26, Taramani Link Road, Chennai","+91 9500235570, +91 44 45114015",17,https://www.nearbuy.com/chennai/vlcc-velacheri?merchantId=113088&amp;contextPayload=%7B%22collectionPermalink%22:%22all-spa-deals%22%7D#deals
31,Zique Salon And Spa,"No. 9/7, Opp. Old G7 Police Station, Rain Tree Place, MC Nicholas Road, Chetpet, Chennai",+91 7338831121,50,https://www.nearbuy.com/chennai/zique-salon-chetpet?merchantId=352176&amp;contextPayload=%7B%22collectionPermalink%22:%22all-salon-deals%22%7D#deals
32,The Vintage Green Luxury Salon and Spa,"No. 154, Mahalingapuram Main Road, Kamdar Nagar, Mahalinga Puram, Nungambakkam, Chennai","+91 9500123828, +91 9500537878",44,https://www.nearbuy.com/chennai/the-vintage-spa-and-salon-nungambakkam?merchantId=306472&amp;contextPayload=%7B%22collectionPermalink%22:%22all-salon-deals%22%7D#deals
33,White Orchids Unisex Day Spa & Salon,"No. 3/131, 1st Floor, Above Axis Bank ATM, Kumaran Kudil Main Road, Parthasarthi Nagar, Thuraipakkam, Chennai","+91 9551138361, +91 9940872727, +91 044 33065970",52,https://www.nearbuy.com/chennai/white-orchid-day-spa-thuraipakkam?merchantId=32911&amp;contextPayload=%7B%22collectionPermalink%22:%22all-spa-deals%22%7D#deals
34,Meghavi Wellness Spa - Hotel Novotel OMR Chennai,"Old Mahabalipuram Road (OMR), Hotel Novotel OMR Chennai, 11th Floor, Opp. Elcot Sez, IT Expressway, Rajiv Gandhi Salai, Sholinganallur, Chennai","+91 6309573999, +91 6309541999",42,https://www.nearbuy.com/chennai/meghavi-wellness-spa-novotel-chennai-sipcot-egattur?merchantId=342487&amp;contextPayload=%7B%22collectionPermalink%22:%22all-spa-deals%22%7D#deals
35,Sohum Wellness - Hilton Chennai,"Hilton Chennai, 124, 1, Lower Ground Floor, Jawaharlal Nehru Road, Poomagal Nagar, Guindy, Chennai","+91 044 22255555, +91 8838303766",53,https://www.nearbuy.com/chennai/sohum-wellness-hilton-chennai-guindy?merchantId=344254&amp;contextPayload=%7B%22collectionPermalink%22:%22all-spa-deals%22%7D#deals
36,VLCC,"No. 323, Diamond Dune, Next Pachiappas College, Poonamallee High Road, Aminjikarai, Chetpet, Chennai","+91 44 26680828, +91 44 42698771, +91 44 42698772",17,https://www.nearbuy.com/chennai/vlcc-chetpet?merchantId=113086&amp;contextPayload=%7B%22collectionPermalink%22:%22all-spa-deals%22%7D#deals
37,Star Wellnass Center - Quality Inn Sabari Grand,"Quality Inn Sabari Grand, 29, Thirumalai Pillai Road, Thirumurthy Nagar, T Nagar, Chennai","+91 8939632227, +91 8939752227",40,https://www.nearbuy.com/chennai/star-wellnass-center-quality-inn-sabari-grand-t-nagar?merchantId=354334&amp;contextPayload=%7B%22collectionPermalink%22:%22all-spa-deals%22%7D#deals
38,Bali Foot Spa,"Plot No. 36, 1st Main Road, Kamatchi Nagar, Pallikaranai, Chennai","+91 8190063647, +91 9940207092, +91 7092827208, +91 44 47841312",40,https://www.nearbuy.com/chennai/bali-foot-spa-pallikaranai?merchantId=354837&amp;contextPayload=%7B%22collectionPermalink%22:%22all-spa-deals%22%7D#deals
39,Muskan Beauty Parlour Unisex Saloon,"No. 6 1st Floor, Near Singapore Shop, South Mada Street, Thiruvanmiyur, Chennai","+91 6374420991, +91 9042050343",50,https://www.nearbuy.com/chennai/muskan-beauty-parlour-unisex-saloon-thiruvanmiyur?merchantId=346687&amp;contextPayload=%7B%22collectionPermalink%22:%22all-salon-deals%22%7D#deals
40,Pink Beauty Salon,"28/47, Kavarai Street, West Saidapet, Chennai",+91 9384670200,50,https://www.nearbuy.com/chennai/pink-beauty-salon-west-mambalam?merchantId=288155&amp;contextPayload=%7B%22collectionPermalink%22:%22all-salon-deals%22%7D#deals
41,Toni&Guy,"Wallace Garden Street, No. 19, 1st Floor, 3rd Street, Wallace Garden 2nd Street, Thousand Lights, Chennai","+91 4443358484, +91 4443308484",39,https://www.nearbuy.com/chennai/toniandguy-thousand-lights?merchantId=334204&amp;contextPayload=%7B%22collectionPermalink%22:%22all-salon-deals%22%7D#deals
42,Essensuals Toni & Guy,"No. 13, 2nd Floor, Avadi Poonamalle Main Road, Paruthippattu, Kannapalayam, Chennai",+91 7358200865,59,https://www.nearbuy.com/chennai/essensuals-toni-and-guy-hairdressing-kannapalayam?merchantId=354322&amp;contextPayload=%7B%22collectionPermalink%22:%22all-salon-deals%22%7D#deals
43,S3 Spa And Salon,"No.11/7, 1st Street, Jeevarathnam Nagar, Shastri Nagar, Adyar, Chennai",+91 7200549546,50,https://www.nearbuy.com/chennai/s3-spa-and-salon-adyar-0?merchantId=345250&amp;contextPayload=%7B%22collectionPermalink%22:%22all-spa-deals%22%7D#deals
44,Haven Unisex Spa,"No.92, Dr.Ranga Road, Beemana Mudhali Street, Abhirampuram, Alwarpet, Chennai","+91 044 45525385, +91 7010134670",20,https://www.nearbuy.com/chennai/haven-unisex-spa-alwarpet?merchantId=348288&amp;contextPayload=%7B%22collectionPermalink%22:%22all-spa-deals%22%7D#deals
45,Adyar Star Aayush,"No. 12, Dhanalakshmi Avenue, Opp. Parasu Dental Hospital, Kasturba Nagar, Adyar, Chennai","+91 8939752227, +91 7092912349, +91 9566209686",52,https://www.nearbuy.com/chennai/adyar-star-aayush-adyar?merchantId=352856&amp;contextPayload=%7B%22collectionPermalink%22:%22all-spa-deals%22%7D#deals
46,Naturals,"No. 25, Near State Bank Of India, Landons Road, Kilpauk, Chennai","+91 44 42824444, +91 8428254444",50,https://www.nearbuy.com/chennai/naturals-kilpauk-0?merchantId=276015&amp;contextPayload=%7B%22collectionPermalink%22:%22all-spa-deals%22%7D#deals
47,Unisex Makeover Studios,"No. 1, Near Nandi Statue, North East Street, CIT Nagar West, Nandanam, Chennai",+91 8825888828,58,https://www.nearbuy.com/chennai/i-unisex-makeover-studios-nandanam?merchantId=339658&amp;contextPayload=%7B%22collectionPermalink%22:%22all-salon-deals%22%7D#deals
48,Respa By Iyasya Spa - The Residency Towers,"The Residency Towers, 115, Sir Theagaraya Road, Parthasarathi Puram, T Nagar, Chennai",+91 44 28156363,75,https://www.nearbuy.com/chennai/respa-by-iyasa-spa-the-residency-towers-t-nagar?merchantId=341783&amp;contextPayload=%7B%22collectionPermalink%22:%22all-spa-deals%22%7D#deals
49,Expose Beauty Care,"Flat No. 59, 2nd Floor, 70 Feet Road, Periyar Nagar, Peravallur, Chennai",+91 9715555572,55,https://www.nearbuy.com/chennai/expose-beauty-care-peravallur?merchantId=354524&amp;contextPayload=%7B%22collectionPermalink%22:%22all-salon-deals%22%7D#deals
50,Le Bliss Spa,"No. 2, Grand Arcade, Near Grand Mall, Dr Seetaraman Main Road, Vijaya Nagar, Chennai",+91 7305344552,50,https://www.nearbuy.com/chennai/le-bliss-spa-velacheriy-0?merchantId=321681&amp;contextPayload=%7B%22collectionPermalink%22:%22all-spa-deals%22%7D#deals
51,The Magic Hands Unisex Salon & Academy," 98/95, Dr Radha Krishnan Salai, Near Sree Krishna Sweets, Jagadambal Colony, Sripuram, Durgapuram, Mylapore, Chennai","+91 6385199005, +91 44 42550107",50,https://www.nearbuy.com/chennai/the-magic-hands-unisex-salon-and-academy-mylapore?merchantId=350015&amp;contextPayload=%7B%22collectionPermalink%22:%22all-salon-deals%22%7D#deals
52,Tulip Spa,"Kences Inn, No.50, North Boag Road, T Nagar, Chennai",+91 7200093558,40,https://www.nearbuy.com/chennai/tulip-spa-t-nagar?merchantId=354183&amp;contextPayload=%7B%22collectionPermalink%22:%22all-spa-deals%22%7D#deals
53,Siddh Spa - Hyatt Regency,"Anna Salai Road, Hyatt Regency, 365, Anna Salai, Rostrevor Garden, Teynampet, Chennai",+91 44 61001234,20,https://www.nearbuy.com/chennai/siddh-spa-hyatt-regency-teynampet?merchantId=111938&amp;contextPayload=%7B%22collectionPermalink%22:%22all-spa-deals%22%7D#deals
54,Trendy Bridal Salon ,"19/10, Ramappa Nagar, Perungudi, Chennai",+91 7200609665,34,https://www.nearbuy.com/chennai/trendy-bridal-salon-perungudi?merchantId=353739&amp;contextPayload=%7B%22collectionPermalink%22:%22all-salon-deals%22%7D#deals
55,Bali Foot Spa,"2/24, 1st Floor, 11th Cross Street, Indra Nagar, Adyar, Chennai","+91 044 40066894, +91 7092827208, +91 9940207092",50,https://www.nearbuy.com/chennai/bali-foot-spa-adyar?merchantId=346950&amp;contextPayload=%7B%22collectionPermalink%22:%22all-spa-deals%22%7D#deals
56,The GlamSquad Salon & Academy,"1/22, Dr. Radha Krishnan Salai, 4th Street, Mylapore, Chennai","+91 6379522874, +91 7200030480",50,https://www.nearbuy.com/chennai/marie-claire-paris-salon-mylapore?merchantId=330621&amp;contextPayload=%7B%22collectionPermalink%22:%22all-salon-deals%22%7D#deals
57,24k Luxury Salon And Spa,"Q90, 1st Floor, Above Pink Gym, Near Yesesi Super Market, 4th Main Road, Block Q, Anna Nagar, Chennai","+91 44 48568555, +91 8637466636",43,https://www.nearbuy.com/chennai/24k-anna-nagar?merchantId=295776&amp;contextPayload=%7B%22collectionPermalink%22:%22all-salon-deals%22%7D#deals
58,Tranquil Beauty & Wellness,"11-12, Rajendra Garden, Bismillah Nagar, Pandian Nagar, Vettuvankeni, Injambakkam, Chennai","+91 9962477773, +91 44 47652555",38,https://www.nearbuy.com/chennai/tranquil-beauty-and-wellness-injambakkam?merchantId=351021&amp;contextPayload=%7B%22collectionPermalink%22:%22all-spa-deals%22%7D#deals
59,VLCC,"No. 82/51, 1st Avenue, Indra Nagar, Adyar, Chennai","+91 44 24422133, +91 44 24422134, +91 44 42695300",17,https://www.nearbuy.com/chennai/vlcc-adyar?merchantId=113084&amp;contextPayload=%7B%22collectionPermalink%22:%22all-spa-deals%22%7D#deals
60,Toni&Guy,"No. 16,  Platinum 34, Khader Nawaz Khan Road, Nungambakkam, Chennai","+91 44 28333373, +91 44 43229888",39,https://www.nearbuy.com/chennai/toni-and-guy-thousand-lights?merchantId=32822&amp;contextPayload=%7B%22collectionPermalink%22:%22all-salon-deals%22%7D#deals
61,Talk of the Town Mens Salon,"10, Srinivasan Nagar, Agaram Then, Selaiyur, Chennai",+91 7305211124,57,https://www.nearbuy.com/chennai/talk-of-the-town-mens-salon-selaiyur?merchantId=349464&amp;contextPayload=%7B%22collectionPermalink%22:%22all-salon-deals%22%7D#deals
62,Essensuals by Toni&Guy," Level 2-CP24, Razack Garden Main Road, MMDA Colony, Arumbakkam, Chennai","+91 9003278158, +91 044 23635158, +91 9884696269",33,https://www.nearbuy.com/chennai/essensuals-by-toniandguy-arumbakkam-0?merchantId=348238&amp;contextPayload=%7B%22collectionPermalink%22:%22all-salon-deals%22%7D#deals
64,Ode Spa,"No. 2, Express Avenue Mall, Club House Road, Express Estate, Royapettah, Chennai",+91 9247020202,57,https://www.nearbuy.com/chennai/ode-spa-royapettah?merchantId=355470&amp;contextPayload=%7B%22collectionPermalink%22:%22all-spa-deals%22%7D#deals
65,Green Day Spa,"Venkatachalam Street, No. 108/228, Opp. Yellow Page Office, Venkatachallam Street, Dr. Radha Krishnan Salai, Mylapore, Chennai",+91 9962814814,79,https://www.nearbuy.com/chennai/green-day-spa-mylapore?merchantId=59147&amp;contextPayload=%7B%22collectionPermalink%22:%22all-spa-deals%22%7D#deals
66,Suvae Spa and Wellness,"St. Mary's Road, 1st Floor, A-1 No.-65, CP Ramaswamy Street, Abhirampuram, Alwarpet, Chennai",+91 8608369862,54,https://www.nearbuy.com/chennai/suvae-spa-and-wellness-alwarpet?merchantId=342627&amp;contextPayload=%7B%22collectionPermalink%22:%22all-spa-deals%22%7D#deals
67,Studio Mitro Unisex Salon,"No.183/84, Lakshmi Street, Lake View Road, West Mambalam, Chennai",+91 44 24851007,65,https://www.nearbuy.com/chennai/studio-lounge-west-mambalam?merchantId=31663&amp;contextPayload=%7B%22collectionPermalink%22:%22all-salon-deals%22%7D#deals
68,Toni&Guy Essensuals,"Door No. 17/49, Plot No. 311 & 312, Opp. Shree Gupta Bhavan, Above Bluestone Jewelry, Velachery Bypass Road, Lakshmi Puram, Chennai",+91 7358120083,54,https://www.nearbuy.com/chennai/toniandguy-essensuals-velacheri?merchantId=353475&amp;contextPayload=%7B%22collectionPermalink%22:%22all-salon-deals%22%7D#deals
69,Envi Salon And Spa,"SL 02, Ground Floor, Express Avenue, Near Clock Tower, Club House Road, Express Estate, Pudupakkam, Chennai","+91 44 43557770, +91 44 43587770",46,https://www.nearbuy.com/chennai/envi-salon-royapettah?merchantId=320052&amp;contextPayload=%7B%22collectionPermalink%22:%22all-salon-deals%22%7D#deals
70,Meghavi Wellness Spa - Hotel Novotel Chennai Sipcot,"Old Mahabalipuram Road (OMR), Hotel Novotel Chennai Sipcot, 8th Floor, Opp. Sipcot IT Park Siruseri, Old Mahabalipuram Road, Egattur, Chennai","+91 6309043999, +91 6269829999",42,https://www.nearbuy.com/chennai/meghavi-wellness-spa-novotel-chennai-omr-egattur?merchantId=345884&amp;contextPayload=%7B%22collectionPermalink%22:%22all-spa-deals%22%7D#deals
71,Essensuals By Toni & Guy,"New No. 38, Old No. 15, Anna Salai, Above Sony Center, Pudupakkam, Chennai","+91 9884410712, +91 44 43039111, +91 8428011115",64,https://www.nearbuy.com/chennai/essensuals-by-toni-and-guy-chinthadripet?merchantId=309462&amp;contextPayload=%7B%22collectionPermalink%22:%22all-salon-deals%22%7D#deals
72,7 Sense Beauty Studio,"1/356, Near Basha Bike Showroom, Sheik Abdulla Nagar, Gandhi Nagar, Virugambakkam, Chennai",+91 8754598779,56,https://www.nearbuy.com/chennai/jiya-beautyparlor-new-washermanpet?merchantId=355268&amp;contextPayload=%7B%22collectionPermalink%22:%22all-salon-deals%22%7D#deals
73,Sun Spa and Salon,"No. 16, 2nd floor, Mahalingapuram Main Road, Mahalinga Puram, Nungambakkam, Chennai",+91 9092534929,60,https://www.nearbuy.com/chennai/sun-spa-and-salon-nungambakkam-0?merchantId=342480&amp;contextPayload=%7B%22collectionPermalink%22:%22all-spa-deals%22%7D#deals
74,Toni&Guy,"Jawaharlal Nehru Road, No. 71/1&3, Old No. 13/1 & 3, 1st Floor, 1st Avenue, Indira Colony, Ashok Nagar, Chennai","+91 44 48602061, +91 44 48602062",39,https://www.nearbuy.com/chennai/toni-and-guy-teynampet-0?merchantId=32818&amp;contextPayload=%7B%22collectionPermalink%22:%22all-salon-deals%22%7D#deals
75,Naturals,"No. 129/100, 1st Floor, Opp. Reliance Trends, Pammal Main Road, Krishna Nagar, Muthamizh Nagar, Pallavaram, Chennai","+91 044 42873232, +91 044 22482878, +91 9042772661",30,https://www.nearbuy.com/chennai/naturals-pammal?merchantId=330395&amp;contextPayload=%7B%22collectionPermalink%22:%22all-salon-deals%22%7D#deals
76,Samudhram Beauty and Wellness,"Old No. 30, New No.18, 2nd Floor, Bhattad Towers, Westcott Road, Indira Garden, Royapettah, Chennai",+91 8056100510,50,https://www.nearbuy.com/chennai/samudhram-beauty-and-wellness-alwarpet?merchantId=353579&amp;contextPayload=%7B%22collectionPermalink%22:%22all-salon-deals%22%7D#deals
77,Svastha Spa & Wellness Studio - Park Elanza,"Park Elanza, 125, Valluvar Kottam High Road, Tirumurthy Nagar, Nungambakkam, Chennai",+91 7200133004,39,https://www.nearbuy.com/chennai/svastha-spa-and-wellness-studio-nungambakkam-0?merchantId=345933&amp;contextPayload=%7B%22collectionPermalink%22:%22all-spa-deals%22%7D#deals
78,Ashlee Spa,"Grand Southern Trunk Road, No. 9, 2nd Floor, Grand Southen Trunk Road, Tambaram, Kamakshi Colony, Sanatorium, Chennai","+91 8122532482, +91 044 48600990",22,https://www.nearbuy.com/chennai/ashlee-spa-sanatorium?merchantId=331728&amp;contextPayload=%7B%22collectionPermalink%22:%22all-spa-deals%22%7D#deals
79,Urban Day Spa,"No. 1, Opp. Murugan Idly Shop, Ananthan Street, N Usman Road, T Nagar, Chennai",+91 6374671147,33,https://www.nearbuy.com/chennai/urban-day-spa-t-nagar?merchantId=342594&amp;contextPayload=%7B%22collectionPermalink%22:%22all-spa-deals%22%7D#deals
80,Aira Spa - Hotel Halez,"Old Mahabalipuram Road (OMR), Hotel Halez, Near Hyundai Showroom, Old Mahabalipuram Road, Rajiv Gandhi Salai, Sholinganallur, Chennai","1800 1025638, +91 9789021929, +91 4445925500, +91 4445925550",36,https://www.nearbuy.com/chennai/aira-spa-aloft-hotels-sholinganallur?merchantId=93517&amp;contextPayload=%7B%22collectionPermalink%22:%22all-spa-deals%22%7D#deals
81,Haven Unisex Spa,"No. 132, Flat 2A , Krishna Vihar Apartment, Block AA, Anna Nagar, Chennai","+91 7538811186, +91 9144137287",20,https://www.nearbuy.com/chennai/haven-unisex-spa-anna-nagar?merchantId=348283&amp;contextPayload=%7B%22collectionPermalink%22:%22all-spa-deals%22%7D#deals
82,VLCC,"No. 82/51, 1st Avenue, Indra Nagar, Adyar, Chennai","+91 44 24422133, +91 44 24422134, +91 44 42695300",17,https://www.nearbuy.com/chennai/vlcc-adyar?merchantId=113084&amp;contextPayload=%7B%22collectionPermalink%22:%22all-salon-deals%22%7D#deals
83,Toni&Guy,"No. 29, 2nd Floor, Kasturi Rangan Road, Poes Garden, Parthasarthi Garden, Alwarpet, Chennai","+91 44 45086060, +91 44 45145050, +91 8939625025",39,https://www.nearbuy.com/chennai/toni-and-guy-alwarpet-0?merchantId=35238&amp;contextPayload=%7B%22collectionPermalink%22:%22all-salon-deals%22%7D#deals
84,Ayush Ayurvedic Health Center,"No : 752/ A1 Ramnagar, 7th Cross Street, Ram Nagar South, Madipakkam, Chennai","+91 8883838484, +91 9865151564",37,https://www.nearbuy.com/chennai/ayush-ayurvedic-health-centre-madipakkam?merchantId=80100&amp;contextPayload=%7B%22collectionPermalink%22:%22all-spa-deals%22%7D#deals
85,Haven Unisex Spa,"5/542, Burma Colony, OMR Service Road, Perungudi, Chennai",+91 9952957613,20,https://www.nearbuy.com/chennai/haven-unisex-spa-perungudi?merchantId=348289&amp;contextPayload=%7B%22collectionPermalink%22:%22all-spa-deals%22%7D#deals
86,Naturals,"No. 76, Bazullah Road, T Nagar, Chennai","+91 9941430333, +91 44 49672121",50,https://www.nearbuy.com/chennai/naturals-t-nagar?merchantId=57486&amp;contextPayload=%7B%22collectionPermalink%22:%22all-salon-deals%22%7D#deals
87,Luxury Unisex Family Salon,"3/2, 3rd Street, Anna Nedumpathai, Kamaraj Nagar, Choolaimedu, Chennai","+91 7395926668, +91 9940241625",63,https://www.nearbuy.com/chennai/studio-young-salon-choolaimedu?merchantId=177949&amp;contextPayload=%7B%22collectionPermalink%22:%22all-salon-deals%22%7D#deals
88,Studie'o7,"1st Floor, Malles Aashira, Nookampalayam Road, Perumbakkam, Chennai",+91 7358200873,38,https://www.nearbuy.com/chennai/studieo7-perumbakkam?merchantId=354316&amp;contextPayload=%7B%22collectionPermalink%22:%22all-salon-deals%22%7D#deals
89,B2 Salon & Spa,"No. 3, El Heights Building, CMM Street, Kodambakkam High Road, Valluvar Kottam, Nungambakkam, Chennai","+91 9790412293, +91 9962364359",56,https://www.nearbuy.com/chennai/b2-salon-and-spa-nungambakkam?merchantId=253170&amp;contextPayload=%7B%22collectionPermalink%22:%22all-salon-deals%22%7D#deals
90,Le Bliss Spa,"New No. 114, 1st Floor, Plot No. 956, 13th Main Road, Anandha Bhavanam, Block H Thangam Colony, Anna Nagar, Chennai",+91 7305278999,50,https://www.nearbuy.com/chennai/le-bliss-spa-anna-nagar-anna-nagar?merchantId=345628&amp;contextPayload=%7B%22collectionPermalink%22:%22all-spa-deals%22%7D#deals
91,Studio Eight Makeup & Beauty,"Medavakkam Main Road, No. 74-A, Near Saibaba Temple, Medavakkam MainRoad, Bharat Nagar, Madipakkam, Chennai",+91 9566242702,25,https://www.nearbuy.com/chennai/studio-eight-makeup-and-beauty-madipakkam?merchantId=240416&amp;contextPayload=%7B%22collectionPermalink%22:%22all-salon-deals%22%7D#deals
92,Toni&Guy,"No. 4/192, Old No. 4/222, 1st Floor, Opp. Poorvika Showroom, East Coast Road, All India Radio Colony, Palavakkam, Chennai","+91 44 43855055, +91 44 42801010",39,https://www.nearbuy.com/chennai/toniandguy-palavakkam?merchantId=239706&amp;contextPayload=%7B%22collectionPermalink%22:%22all-salon-deals%22%7D#deals
93,Bonth Newme Hair Salon,"No. 252, Opp. Deccan Furniture, Velachery - Tambaram Main Road, Lakshmi Puram, Jagannathapuram, Chennai","+91 8072306541, +91 7397324159",50,https://www.nearbuy.com/chennai/bonth-newme-hair-salon-velacheri?merchantId=340491&amp;contextPayload=%7B%22collectionPermalink%22:%22all-salon-deals%22%7D#deals
94,Essensuals,"No. 147E, 2nd Avenue, Near Bus Depot, Besant Nagar, Chennai","+91 44 43579052, +91 44 43589052",43,https://www.nearbuy.com/chennai/essensuals-besant-nagar?merchantId=33110&amp;contextPayload=%7B%22collectionPermalink%22:%22all-salon-deals%22%7D#deals
95,Kosa Unisex Salon And Spa,"128, 2nd Floor, CM Tower, Velachery Main Road, Little Mount, Saidapet, Chennai",+91 9840553465,49,https://www.nearbuy.com/chennai/kosa-unisex-salon-and-spa-saidapet-1?merchantId=345346&amp;contextPayload=%7B%22collectionPermalink%22:%22all-spa-deals%22%7D#deals
96,Essensuals,"Manickeswari Road, Old No. 21, New No. 4, Near Bains School, Manikeswari Road, Kilpauk, Chennai","+91 44 43883131, +91 44 43887171",43,https://www.nearbuy.com/chennai/essensuals-kilpauk?merchantId=34423&amp;contextPayload=%7B%22collectionPermalink%22:%22all-salon-deals%22%7D#deals
97,VLCC,"No. 79 , C.P Ramaswamy Road, Alwarpet, Chennai",+91 44 24671918,17,https://www.nearbuy.com/chennai/vlcc-alwarpet?merchantId=113087&amp;contextPayload=%7B%22collectionPermalink%22:%22all-spa-deals%22%7D#deals
98,Toni & Guy By Essensuals,"Old No. 24, New No. 34, Near S.S.R Pankajam Theatre, Kaveri Rangan Nagar, Arunachalam Road, Saligramam, Chennai",+91 044 43156000,58,https://www.nearbuy.com/chennai/toni-and-guy-by-essensuals-vadapalani?merchantId=351575&amp;contextPayload=%7B%22collectionPermalink%22:%22all-salon-deals%22%7D#deals
99,Toni&Guy,"No. 67, Chamiers Road, Pasumpon Muthuramalinga Thevar Road, Ganapathi Colony, Teynampet, Chennai","+91 44 45000028, +91 44 45000029",39,https://www.nearbuy.com/chennai/toni-and-guy-nandanam?merchantId=35240&amp;contextPayload=%7B%22collectionPermalink%22:%22all-salon-deals%22%7D#deals
100,naturals,"No. 29, Pondy Bazaar, Above Federal Bank, Dr. Nair Road, Venkatraman Street, T Nagar, Chennai","+91 44 45544667, +91 9941730333, +91 44 28152700",71,https://www.nearbuy.com/chennai/naturals-t-nagar-1?merchantId=57487&amp;contextPayload=%7B%22collectionPermalink%22:%22all-salon-deals%22%7D#deals
101,Bali Foot Spa,"Shop No. 1&2, 1st Floor, Prince Plaza, Pantheon Road, Egmore, Chennai","+91 8190063647, +91 9940207092, +91 44 48675588",52,https://www.nearbuy.com/chennai/bali-foot-spa-egmore?merchantId=337054&amp;contextPayload=%7B%22collectionPermalink%22:%22all-spa-deals%22%7D#deals
102,Ode Spa,"183, 4th Floor, The Forum Vijaya Mall, N.S.K. Salai, Arcot Road, Vadapalani, Chennai",+91 9247020202,57,https://www.nearbuy.com/chennai/ode-spa-vadapalani?merchantId=355471&amp;contextPayload=%7B%22collectionPermalink%22:%22all-spa-deals%22%7D#deals
103,B2 Salon & Spa,"No. 3, El Heights Building, CMM Street, Kodambakkam High Road, Valluvar Kottam, Nungambakkam, Chennai","+91 9790412293, +91 9962364359",56,https://www.nearbuy.com/chennai/b2-salon-and-spa-nungambakkam?merchantId=253170&amp;contextPayload=%7B%22collectionPermalink%22:%22all-spa-deals%22%7D#deals
104,Toni&Guy,"No. 6B, Harleys Road, Kilpauk, Chennai","+91 44 26446176, +91 44 26446177, +91 8778376152",39,https://www.nearbuy.com/chennai/toniandguy-kilpauk?merchantId=237192&amp;contextPayload=%7B%22collectionPermalink%22:%22all-salon-deals%22%7D#deals
105,Kento Spa And Salon,"257, GK Aakash Complex, Near Balaji Dental College, Velachery Road, Narayanapuram, Pallikaranai, Chennai",+91 8438201839,50,https://www.nearbuy.com/chennai/kento-spa-and-salon-pallikaranai-1?merchantId=354784&amp;contextPayload=%7B%22collectionPermalink%22:%22all-spa-deals%22%7D#deals
106,Sahaa’s Wildrose Salon and Spa,"56B, Gnanamani Street, Sathya Murthy Block, Jaffarkhanpet, Chennai",+91 9094244633,75,https://www.nearbuy.com/chennai/wildrose-for-ladies-and-kids-jaffarkhanpet?merchantId=345125&amp;contextPayload=%7B%22collectionPermalink%22:%22all-salon-deals%22%7D#deals
107,Fab Unisex Salon,"1st Floor, Vantage Plaza, Lattice Bridge Road, Padmanabha Nagar, Thiruvanmiyur, Chennai",+91 8124684626,43,https://www.nearbuy.com/chennai/fab-unisex-salon-thiruvanmiyur-0?merchantId=331930&amp;contextPayload=%7B%22collectionPermalink%22:%22all-salon-deals%22%7D#deals
108,Fame Beauty Parlour Ladies & Kids,"No.1, Lakshmipuram, Villivakam Road, Bharathiya Nagar, Kolathur, Chennai","+91 9655520414, +91 9840239270",64,https://www.nearbuy.com/chennai/fame-beauty-parlour-ladies-and-kids-kolathur-0?merchantId=347234&amp;contextPayload=%7B%22collectionPermalink%22:%22all-salon-deals%22%7D#deals
109,VLCC,"New No. 12, Old No. 89, Plot No. 3792, 4th Main Road, Block Q, Anna Nagar, Chennai","+91 44 43016661, +91 44 43016662",17,https://www.nearbuy.com/chennai/vlcc-anna-nagar?merchantId=113085&amp;contextPayload=%7B%22collectionPermalink%22:%22all-spa-deals%22%7D#deals
110,Samudhram Beauty and Wellness,"Old No. 30, New No.18, 2nd Floor, Bhattad Towers, Westcott Road, Indira Garden, Royapettah, Chennai",+91 8056100510,50,https://www.nearbuy.com/chennai/samudhram-beauty-and-wellness-alwarpet?merchantId=353579&amp;contextPayload=%7B%22collectionPermalink%22:%22all-spa-deals%22%7D#deals
111,Green Day Spa,"Venkatachalam Street, No. 108/228, Opp. Yellow Page Office, Venkatachallam Street, Dr. Radha Krishnan Salai, Mylapore, Chennai",+91 9962814814,79,https://www.nearbuy.com/chennai/green-day-spa-mylapore?merchantId=59147&amp;contextPayload=%7B%22collectionPermalink%22:%22all-salon-deals%22%7D#deals
112,Eden Day Spa,"B5, 3rd Floor, 2nd Avenue, Sam Noah Tower, Block B, Anna Nagar East, Chennai",+91 9176308218,33,https://www.nearbuy.com/chennai/eden-day-spa-anna-nagar-east?merchantId=342596&amp;contextPayload=%7B%22collectionPermalink%22:%22all-spa-deals%22%7D#deals
113,Asian Therapy Unisex Salon & Spa,"Jones Lane, No. 97/10, Ground Floor, YAS Complex, Near Saidapet Railway Station, East Jones Road, Suruiyammapet, Chennai",+91 44 48571114,33,https://www.nearbuy.com/chennai/asian-therapy-unisex-salon-and-spa-saidapet?merchantId=235218&amp;contextPayload=%7B%22collectionPermalink%22:%22all-spa-deals%22%7D#deals
114,Haven Unisex Spa,"10, Padi Kuppam Road, Thirumagalam, Gandhi Nagar, Anna Nagar West Extension, Chennai","+91 044 42129221, +91 8098976733, +91 7868984683, +91 7868984680",20,https://www.nearbuy.com/chennai/haven-unisex-spa-anna-nagar-west-extension?merchantId=348284&amp;contextPayload=%7B%22collectionPermalink%22:%22all-spa-deals%22%7D#deals
115,Monage,"68, Paper Mills Road, Bunder Garden, Perambur, Chennai",+91 9841327241,57,https://www.nearbuy.com/chennai/monage-perambur?merchantId=348599&amp;contextPayload=%7B%22collectionPermalink%22:%22all-salon-deals%22%7D#deals
116,Toni & Guy Essensuals,"4/9, Ground Floor, 4th Main Road, United India Colony, United India Insurance Colony, Kodambakkam, Chennai",+91 7548808467,55,https://www.nearbuy.com/chennai/toni-and-guy-essensuals-kodambakkam?merchantId=351410&amp;contextPayload=%7B%22collectionPermalink%22:%22all-salon-deals%22%7D#deals
117,naturals,"Mount Poonamalle Road, No. 156, Mount Poonamallee High Road, Lakshmi Nagar, Porur, Chennai","+91 9176711211, +91 9176711311, +91 9176084748",43,https://www.nearbuy.com/chennai/naturals-porur-2?merchantId=329850&amp;contextPayload=%7B%22collectionPermalink%22:%22all-salon-deals%22%7D#deals
118,Jawed Habib Hair & Beauty,"Plot No. 29, 5th St, Tansi Nagar, Chennai","+91 9841274546, +91 44 43016226",25,https://www.nearbuy.com/chennai/jawed-habib-hair-and-beauty-velacheri?merchantId=32308&amp;contextPayload=%7B%22collectionPermalink%22:%22all-salon-deals%22%7D#deals
119,The Ocean Bali Day Spa - Blu Iris,"Govindan Street, Blu Iris Hotel, No. 37, Govindhan Street, Aminijikarai, Chennai","+91 44 43150015, +91 9940488015",50,https://www.nearbuy.com/chennai/the-ocean-bali-day-spa-aminijikarai?merchantId=73408&amp;contextPayload=%7B%22collectionPermalink%22:%22all-spa-deals%22%7D#deals
120,Talon Makeover Studio,"87A, 2nd Main Road, Nolambur Phase III, Mogappair West, Chennai","+91 8838207800, +91 9655554656",67,https://www.nearbuy.com/chennai/talon-makeover-studio-mogappair-west?merchantId=352271&amp;contextPayload=%7B%22collectionPermalink%22:%22all-salon-deals%22%7D#deals
121,Ashlee Spa,"Old Mahabalipuram Road (OMR), No. 1, 3rd Floor, Above Home Lane, Opp. AKDR Golf, Raju Nagar, Old Mahabalipuram Road, Karappakkam, Chennai","+91 8925288864, +91 044 43219667",22,https://www.nearbuy.com/chennai/ashlee-spa-sanatorium-0?merchantId=349218&amp;contextPayload=%7B%22collectionPermalink%22:%22all-spa-deals%22%7D#deals
122,VLCC,"Tharamani Link Road, No. 9 & 26, Taramani Link Road, Chennai","+91 9500235570, +91 44 45114015",17,https://www.nearbuy.com/chennai/vlcc-velacheri?merchantId=113088&amp;contextPayload=%7B%22collectionPermalink%22:%22all-salon-deals%22%7D#deals
123,You And Me Family Salon & Spa,"No. 5, 3rd Main Road, Dhandeeshwaram Nagar, Chennai",+91 9445543800,60,https://www.nearbuy.com/chennai/you-and-me-family-saloon-velacheriy?merchantId=352585&amp;contextPayload=%7B%22collectionPermalink%22:%22all-spa-deals%22%7D#deals
124,L3 Unisex Salon,"No. 64, 141, Venkatachalam Street, Royapettah, Chennai",+91 9840557374,50,https://www.nearbuy.com/chennai/l3-unisex-salon-royapettah?merchantId=353631&amp;contextPayload=%7B%22collectionPermalink%22:%22all-salon-deals%22%7D#deals
125,Le Stylist Family Salon and Bridal Studio,"No. 199, Opp. Govt Hospital, Above Indian Bank, N M Road, Avadi, Kamaraja Nagar, Chennai",+91 8939501637,57,https://www.nearbuy.com/chennai/le-stylist-family-salon-and-bridal-studio-kamaraja-nagar?merchantId=350452&amp;contextPayload=%7B%22collectionPermalink%22:%22all-salon-deals%22%7D#deals
126,Enhance Studio Men's Salon,"No. 2, New No. 5/6, Neema Building, Thirumalai Pillai Road, T Nagar, Chennai","+91 7305010436, +91 44 45485176",36,https://www.nearbuy.com/chennai/enhance-studio-mens-salon-t-nagar?merchantId=354002&amp;contextPayload=%7B%22collectionPermalink%22:%22all-salon-deals%22%7D#deals
127,S3 Unisex Saloon & Spa," No. 244, Polaris House, Pathari Road, Anna Salai, Thousand Lights, Chennai",+91 6379488007,67,https://www.nearbuy.com/chennai/sowmya-thousand-lights?merchantId=354730&amp;contextPayload=%7B%22collectionPermalink%22:%22all-salon-deals%22%7D#deals
129,Suave Salon & Wellness,"2/796, 1st, Floor, Sakshi Towers, 1st Main Road, Chinna Neelankarai, ECR, Kazura Garden, Chennai","+91 6380527719, +91 7200459485, +91 44 35001437",73,https://www.nearbuy.com/chennai/suave-salon-and-wellness-neelankarai?merchantId=352070&amp;contextPayload=%7B%22collectionPermalink%22:%22all-spa-deals%22%7D#deals
130,Slash The Style Paradise,"No.25/18, 1st Floor, Above Maybell Showroom, 11th Avenue Road, Ashok Nagar, Chennai","+91 6374219487, +91 44 24740970, +91 44 24719558",67,https://www.nearbuy.com/chennai/naturals-ashok-nagar?merchantId=334224&amp;contextPayload=%7B%22collectionPermalink%22:%22all-salon-deals%22%7D#deals
131,Le Stylist Family Salon and Bridal Studio,"No. 50/4, CTH Road, Near SS Hyderabad Biryani Shop, Thirumullaivoyal, Pachaiamman Nagar, Sathyamurthi Nagar, Chennai",+91 8939501637,57,https://www.nearbuy.com/chennai/le-stylist-family-salon-and-bridal-studio-chennai?merchantId=350699&amp;contextPayload=%7B%22collectionPermalink%22:%22all-salon-deals%22%7D#deals
132,PK Hair Mak Salon Studio,"No. 4/270, 1st Floor, Pari Salai, 4th Block, Mogappair East, Chennai",+91 8939568000,49,https://www.nearbuy.com/chennai/pk-hair-mak-salon-studio-mogappair-east?merchantId=346059&amp;contextPayload=%7B%22collectionPermalink%22:%22all-salon-deals%22%7D#deals
133,Meraki Unisex Salon & Spa,"No. 42, Giriyappa Road, Drivers Colony, T Nagar, Chennai",+91 7200682822,57,https://www.nearbuy.com/chennai/meraki-unisex-salon-and-spa-t-nagar?merchantId=352056&amp;contextPayload=%7B%22collectionPermalink%22:%22all-salon-deals%22%7D#deals
134,The Look Salon,"132, TT Krishnamachari Road, Austin Nagar, Alwarpet, Chennai",+91 044 24994101,21,https://www.nearbuy.com/chennai/the-look-salon-alwarpet?merchantId=349864&amp;contextPayload=%7B%22collectionPermalink%22:%22all-salon-deals%22%7D#deals
135,Ayurjeevanam,"No. 1080/A, Rohini Flats, Munusamy Salai, KK Nagar West, Chennai","+91 9514628905, +91 8939735421",50,https://www.nearbuy.com/chennai/ayurjeevanam-kk-nagar-west?merchantId=208351&amp;contextPayload=%7B%22collectionPermalink%22:%22all-spa-deals%22%7D#deals
136,Asian Continental Spa,"No. 5, 200 Feet Radial Road, Opp. to Radiance Mandarin, Seevaram, Thuraipakkam, Chennai",+91 7824849555,40,https://www.nearbuy.com/chennai/asian-continental-unisex-saloon-and-spa-thuraipakkam?merchantId=84869&amp;contextPayload=%7B%22collectionPermalink%22:%22all-spa-deals%22%7D#deals
137,Samatva Wellness,"No. 16, College Road, Nungabakkam, Chennai",+91 9952997559,22,https://www.nearbuy.com/chennai/samatva-wellness-chennai?merchantId=350295&amp;contextPayload=%7B%22collectionPermalink%22:%22all-spa-deals%22%7D#deals
138,Bombshell Studio Unisex Salon,"No. 23, 2nd Floor, S S Complex, Audiappa Street, Purasawalkam, Chennai",+91 7358056814,42,https://www.nearbuy.com/chennai/bombshell-studio-unisex-salon-purasawalkam?merchantId=345824&amp;contextPayload=%7B%22collectionPermalink%22:%22all-salon-deals%22%7D#deals
139,Dr.Health Nature Cure,"Door No. AP 708, 1st Street, 12 Main Road, Block H, Anna Nagar, Chennai","+91 8098092929, +91 44 79666521, +91 7401272715",60,https://www.nearbuy.com/chennai/drhealth-nature-cure-anna-nagar?merchantId=341461&amp;contextPayload=%7B%22collectionPermalink%22:%22all-spa-deals%22%7D#deals
140,Euphoria Beauty Parlour,"18, 4th Cross Street, United India Colony, Kodambakkam, Chennai",+91 9790829835,60,https://www.nearbuy.com/chennai/euphoria-beauty-parlour-kodambakkam?merchantId=353341&amp;contextPayload=%7B%22collectionPermalink%22:%22all-salon-deals%22%7D#deals
141,Absolute Beauty Salon,"Mount Poonamalle Road, No. G1, Dual Garden Apartment, Mount Poonamallee Road, Porur, Chennai",+91 8825592927,44,https://www.nearbuy.com/chennai/absolute-beauty-salon-porur?merchantId=330651&amp;contextPayload=%7B%22collectionPermalink%22:%22all-salon-deals%22%7D#deals
142,Ridhi Spa,"No. 24, 2nd Floor, Opp. Punjab National Bank, CLC Works Road, New Colony, Chromepet, Chennai","+91 7338756262, +91 044 42131335",14,https://www.nearbuy.com/chennai/ridhi-spa-chromepet?merchantId=331749&amp;contextPayload=%7B%22collectionPermalink%22:%22all-spa-deals%22%7D#deals
143,VLCC,"No. 323, Diamond Dune, Next Pachiappas College, Poonamallee High Road, Aminjikarai, Chetpet, Chennai","+91 44 26680828, +91 44 42698771, +91 44 42698772",17,https://www.nearbuy.com/chennai/vlcc-chetpet?merchantId=113086&amp;contextPayload=%7B%22collectionPermalink%22:%22all-salon-deals%22%7D#deals
144,Lavion Unisex Style & Beauty Salon,"No. A-5, 2nd Main Road, Thiruvalluvar Nagar, Thiruvanmiyur, Chennai","+91 9884065856, +91 44 47438866",50,https://www.nearbuy.com/chennai/style-nation-unisex-beauty-salon-thiruvanmiyur?merchantId=110408&amp;contextPayload=%7B%22collectionPermalink%22:%22all-salon-deals%22%7D#deals
145,Kosa Unisex Salon And Spa,"128, 2nd Floor, CM Tower, Velachery Main Road, Little Mount, Saidapet, Chennai",+91 9840553465,49,https://www.nearbuy.com/chennai/kosa-unisex-salon-and-spa-saidapet-1?merchantId=345346&amp;contextPayload=%7B%22collectionPermalink%22:%22all-salon-deals%22%7D#deals
146,Aster Unisex Spa,"No. 48, Near Way Restaurant, 1st Main Road, Thirumalai Nagar Annexe, Perungudi, Chennai","+91 9940626541, +91 9940262857",38,https://www.nearbuy.com/chennai/aster-unisex-salon-and-spa-perungudi?merchantId=207977&amp;contextPayload=%7B%22collectionPermalink%22:%22all-spa-deals%22%7D#deals
147,Adyar Star Aayush,"No 81, Near Kauvery Hospital, Luz Church Road, Alwarpet, Chennai","+91 8939752227, +91 7200112349",40,https://www.nearbuy.com/chennai/adyar-star-aayush-alwarpet?merchantId=354332&amp;contextPayload=%7B%22collectionPermalink%22:%22all-spa-deals%22%7D#deals
148,Aayu Spa - Turyaa Hotel,"Old Mahabalipuram Road (OMR), Turyaa Chennai, 144/7, Old Mahabalipuram Road, Rajiv Gandhi Salai, Kottivakkam, Chennai",+91 44 66970000,58,https://www.nearbuy.com/chennai/ananta-organic-spa-turyaa-chennai-kottivakkam?merchantId=115690&amp;contextPayload=%7B%22collectionPermalink%22:%22all-spa-deals%22%7D#deals
149,Bi3 Wellness Spa,"No. 76, Near Jayanthi Residency, Lattice Bridge Road, Kamaraj Nagar, Thiruvanmiyur, Chennai",+91 7845741450,44,https://www.nearbuy.com/chennai/bi3-wellness-spa-thiruvanmiyur?merchantId=352594&amp;contextPayload=%7B%22collectionPermalink%22:%22all-spa-deals%22%7D#deals
150,Cloud 9 Beauty Men's Saloon,"No. 177, Near Aishwarya Mahal, Velachery Main Road, Pallikaranai Oil Mill, Chennai","+91 8754501933, +91 9337968632",74,https://www.nearbuy.com/chennai/cloud-9-unisex-salon-and-spa-adyar?merchantId=240270&amp;contextPayload=%7B%22collectionPermalink%22:%22all-salon-deals%22%7D#deals
151,Foot Care,"No. 28, Natesh Apartments, 100 Feet Road, Venkateshwara Nagar, Chennai",+91 8754556596,15,https://www.nearbuy.com/chennai/foot-care-velacheri-0?merchantId=351487&amp;contextPayload=%7B%22collectionPermalink%22:%22all-spa-deals%22%7D#deals
152,The Tent Salon,"No. 64, 38, Tiger Varadachari Road, Kalakshetra Colony, Besant Nagar, Chennai",+91 8799955555,64,https://www.nearbuy.com/chennai/the-tent-salon-besant-nagar-0?merchantId=355531&amp;contextPayload=%7B%22collectionPermalink%22:%22all-salon-deals%22%7D#deals
153,Respa By Iyasya Spa - The Residency Towers,"The Residency Towers, 115, Sir Theagaraya Road, Parthasarathi Puram, T Nagar, Chennai",+91 44 28156363,75,https://www.nearbuy.com/chennai/respa-by-iyasa-spa-the-residency-towers-t-nagar?merchantId=341783&amp;contextPayload=%7B%22collectionPermalink%22:%22all-salon-deals%22%7D#deals
154,Orchid Bali Spa - Hotel Green Park,"Hotel Green Park, No. 183, 1st Floor, NSK Salai, Arcot Road, Vadapalani, Chennai","+91 44 66515151, +91 9500087221, +91 9500178221",63,https://www.nearbuy.com/chennai/orchid-bali-spa-hotel-green-park-vadapalani?merchantId=32365&amp;contextPayload=%7B%22collectionPermalink%22:%22all-spa-deals%22%7D#deals
155,Green Day Spa - Hotel Abu Sarovar Portico,"Poonamallee High Road, Hotel Abu Sarovar Portico, No. 926, Poonamalee High Road, Purasawalkam, Chennai",+91 9840830361,47,https://www.nearbuy.com/chennai/green-day-spa-purasawalkam?merchantId=33922&amp;contextPayload=%7B%22collectionPermalink%22:%22all-spa-deals%22%7D#deals
156,Foot Land - Oriental Foot Reflexology,"156/326, Ground Floor, Konnur High Road, Gnanambal Garden, Ayanavaram, Chennai","+91 7845907115, +91 7845917115",57,https://www.nearbuy.com/chennai/foot-land-:-oriental-foot-reflexology-ayanavaram?merchantId=354531&amp;contextPayload=%7B%22collectionPermalink%22:%22all-spa-deals%22%7D#deals
157,Haven Unisex Spa,"55/21 Corporation Colony, Arcot Road, Viswanathapuram, Kodambakkam, Chennai",+91 9884228831,20,https://www.nearbuy.com/chennai/haven-unisex-spa-kodambakkam?merchantId=348285&amp;contextPayload=%7B%22collectionPermalink%22:%22all-spa-deals%22%7D#deals
158,Green Trends,"Mahatma Gandhi Road, No. 58, 1st Floor, Av Church Road, MG Road, Lakshmipuram, Besant Nagar, Chennai","+91 044 43554242, +91 9677121244",24,https://www.nearbuy.com/chennai/green-trends-besant-nagar-0?merchantId=331924&amp;contextPayload=%7B%22collectionPermalink%22:%22all-salon-deals%22%7D#deals
159,Toni&Guy,"Plot No. 106, Block No. 8, Kavimani Salai, Mogappair West, Chennai","+91 44 42644240, +91 44 42644241",39,https://www.nearbuy.com/chennai/toni-and-guy-mogappair-west?merchantId=320642&amp;contextPayload=%7B%22collectionPermalink%22:%22all-salon-deals%22%7D#deals
160,Eternum Spa - Ramada Chennai Egmore,"Ramada Chennai Egmore, Near CMDA Building, Gandhi Irwin Road, Chennai","+91 7540079974, +91 4446104777",44,https://www.nearbuy.com/chennai/eternum-spa-ramada-chennai-egmore-egmore?merchantId=32062&amp;contextPayload=%7B%22collectionPermalink%22:%22all-spa-deals%22%7D#deals
161,The Ocean Spa - BKR Grand Hotel,"BKR Grand Hotel, No. 71, 5th Floor, N Usman Road, T Nagar, Chennai","+91 44 45491004, +91 9790699898, +91 4445495003",46,https://www.nearbuy.com/chennai/the-ocean-bali-spa-bkr-grand-hotel-t-nagar?merchantId=33381&amp;contextPayload=%7B%22collectionPermalink%22:%22all-spa-deals%22%7D#deals
162,Ananta Spa,"Old Mahabalipuram Road (OMR), No. 4/400, Plot No. 172-173, Sekaran Towers, Above Axis Bank, Old Mahabalipuram Road, Thuraipakkam, Chennai",+91 7418252010,39,https://www.nearbuy.com/chennai/ananta-day-spa-thuraipakkam?merchantId=85835&amp;contextPayload=%7B%22collectionPermalink%22:%22all-spa-deals%22%7D#deals
163,Star Wellness Center,"No. 22, 2nd Floor, Poonamallee High Road, Periyamet, Chennai",+91 9884912227,40,https://www.nearbuy.com/chennai/star-wellnass-center-periyamet?merchantId=354333&amp;contextPayload=%7B%22collectionPermalink%22:%22all-spa-deals%22%7D#deals
164,Lee'Amour Family Saloon,"New No. 2/2, Old No. 53, 2,Near Selva Kumar Store, W Mada Street, Jayalakshmipuram, Nungambakkam, Chennai",+91 9123570731,75,https://www.nearbuy.com/chennai/leeamour-family-saloon-nungambakkam?merchantId=353092&amp;contextPayload=%7B%22collectionPermalink%22:%22all-salon-deals%22%7D#deals
165,Studio Lounge,"No. 8/15, Mahalingapuram Main Road, Mahalinga Puram, Nungambakkam, Chennai",+91 044 28170064,56,https://www.nearbuy.com/chennai/studio-lounge-nungambakkam?merchantId=86147&amp;contextPayload=%7B%22collectionPermalink%22:%22all-salon-deals%22%7D#deals
166,Green Day Spa & Salon,"No. 52, Satyadev Avenue, Opp. Somerset, Next to Apollo Hospital, MRC Nagar, RA Puram, Chennai",+91 9600004812,79,https://www.nearbuy.com/chennai/green-unisex-salon-and-spa-ra-puram?merchantId=68818&amp;contextPayload=%7B%22collectionPermalink%22:%22all-salon-deals%22%7D#deals
167,Avocado Care,"No. 42, Drivers Colony, Behind GRT Hotels, Dr. Giriyappa Road, T Nagar, Chennai","+91 44 28152993, +91 9080558006",63,https://www.nearbuy.com/chennai/avo-curves-avocado-care-t-nagar?merchantId=251651&amp;contextPayload=%7B%22collectionPermalink%22:%22all-salon-deals%22%7D#deals
168,Envi Salon And Spa,"Unit No. 40, Lower Ground Floor, Phoenix Market City, Velachery Main Road, Nehru Nagar, Chennai","+91 44 61153153, +91 44 61153154",46,https://www.nearbuy.com/chennai/envi-salon-velacheri?merchantId=283535&amp;contextPayload=%7B%22collectionPermalink%22:%22all-salon-deals%22%7D#deals
169,The Pivot Thai Spa,"D’Monte Colony Street, No. 32, D'monte Colony Street, Alwarpet, Chennai","+91 44 24671753, +91 44 24671752, +91 9790967299",53,https://www.nearbuy.com/chennai/the-pivot-thai-spa-alwarpet?merchantId=32061&amp;contextPayload=%7B%22collectionPermalink%22:%22all-salon-deals%22%7D#deals
170,Studieo 7,"Plot No. 96A&B, SSD Oil Mill Road, VGN Nagar, Iyappanthangal, Chennai",+91 9791022008,51,https://www.nearbuy.com/chennai/studieo-7-iyappanthangal?merchantId=354339&amp;contextPayload=%7B%22collectionPermalink%22:%22all-salon-deals%22%7D#deals
171,Haven Unisex Spa ,"22, South West Boag Road, T Nagar, Chennai",+91 9952957613,20,https://www.nearbuy.com/chennai/haven-unisex-spa-t-nagar?merchantId=347834&amp;contextPayload=%7B%22collectionPermalink%22:%22all-spa-deals%22%7D#deals
